,Accuracy,AUC,F1 Measure,Mean CV on Train
value,0.85625,0.94828125,0.8588957055214724,0.6954687500000001
