,Accuracy,AUC,F1 Measure,Mean CV on Train
value,0.58125,0.6446874999999999,0.603550295857988,0.6340104166666667
