,Accuracy,AUC,F1 Measure,Mean CV on Train
value,0.7625,0.839140625,0.7790697674418605,0.6340634920634922
