,Accuracy,AUC,F1 Measure,Mean CV on Train
value,0.75,0.81265625,0.7590361445783131,0.66953125
