,Accuracy,AUC,F1 Measure,Mean CV on Train
value,0.56875,0.6315624999999999,0.5035971223021583,0.45599999999999996
