,Accuracy,AUC,F1 Measure,Mean CV on Train
value,0.575,0.6318750000000001,0.5853658536585366,0.4765625
