,Accuracy,AUC,F1 Measure,Mean CV on Train
value,0.5125,0.519453125,0.5185185185185186,0.342578125
