,Accuracy,AUC,F1 Measure,Mean CV on Train
value,0.875,0.9375,0.8780487804878048,0.76875
