,Accuracy,AUC,F1 Measure,Mean CV on Train
value,0.81875,0.9070312500000001,0.8053691275167786,0.7294603174603175
