,Accuracy,AUC,F1 Measure,Mean CV on Train
value,0.69375,0.8124218750000001,0.631578947368421,0.633984375
