,Accuracy,AUC,F1 Measure,Mean CV on Train
value,0.5625,0.63046875,0.4927536231884058,0.45511111111111113
