,Accuracy,AUC,F1 Measure,Mean CV on Train
value,0.6375,0.69515625,0.6329113924050633,0.5586031746031747
