,Accuracy,AUC,F1 Measure,Mean CV on Train
value,0.56875,0.5778125000000001,0.5490196078431373,0.5375
