,Accuracy,AUC,F1 Measure,Mean CV on Train
value,0.88125,0.94515625,0.8805031446540881,0.7471354166666667
