,Accuracy,AUC,F1 Measure,Mean CV on Train
value,0.80625,0.9175000000000001,0.7973856209150326,0.7446984126984126
