,Accuracy,AUC,F1 Measure,Mean CV on Train
value,0.90625,0.9659374999999999,0.9079754601226994,0.7359365079365079
