,Accuracy,AUC,F1 Measure,Mean CV on Train
value,0.8625,0.9437500000000001,0.8705882352941177,0.6915555555555557
