,Accuracy,AUC,F1 Measure,Mean CV on Train
value,0.83125,0.9332812500000001,0.8343558282208589,0.7446984126984126
