,Accuracy,AUC,F1 Measure,Mean CV on Train
value,0.8625,0.91890625,0.8552631578947368,0.73359375
