,Accuracy,AUC,F1 Measure,Mean CV on Train
value,0.85625,0.93984375,0.8456375838926175,0.71875
