,Accuracy,AUC,F1 Measure,Mean CV on Train
value,0.85625,0.93,0.8516129032258064,0.7089583333333334
