,Accuracy,AUC,F1 Measure,Mean CV on Train
value,0.51875,0.56515625,0.5389221556886229,0.46218750000000003
