,Accuracy,AUC,F1 Measure,Mean CV on Train
value,0.54375,0.54890625,0.529032258064516,0.41015625
