,Accuracy,AUC,F1 Measure,Mean CV on Train
value,0.56875,0.64921875,0.5306122448979592,0.42653968253968255
