,Accuracy,AUC,F1 Measure,Mean CV on Train
value,0.89375,0.9303125,0.8957055214723926,0.6735238095238095
