,Accuracy,AUC,F1 Measure,Mean CV on Train
value,0.875,0.9240625,0.8795180722891567,0.7775000000000001
