,Accuracy,AUC,F1 Measure,Mean CV on Train
value,0.89375,0.9540625,0.8930817610062892,0.7591145833333333
