,Accuracy,AUC,F1 Measure,Mean CV on Train
value,0.7625,0.8084375,0.7397260273972603,0.683203125
