,Accuracy,AUC,F1 Measure,Mean CV on Train
value,0.54375,0.57890625,0.5228758169934641,0.47873015873015873
