,Accuracy,AUC,F1 Measure,Mean CV on Train
value,0.65,0.7575,0.6585365853658537,0.5220312500000001
