,Accuracy,AUC,F1 Measure,Mean CV on Train
value,0.79375,0.8435937499999999,0.7870967741935484,0.696875
