,Accuracy,AUC,F1 Measure,Mean CV on Train
value,0.41875,0.439140625,0.43636363636363634,0.396875
