,Accuracy,AUC,F1 Measure,Mean CV on Train
value,0.70625,0.8143750000000001,0.7251461988304093,0.626171875
