,Accuracy,AUC,F1 Measure,Mean CV on Train
value,0.88125,0.9209375,0.8834355828220859,0.8086979166666668
