,Accuracy,AUC,F1 Measure,Mean CV on Train
value,0.59375,0.649375,0.5695364238410596,0.4502604166666667
