,Accuracy,AUC,F1 Measure,Mean CV on Train
value,0.725,0.837578125,0.6615384615384615,0.666984126984127
