,Accuracy,AUC,F1 Measure,Mean CV on Train
value,0.68125,0.834453125,0.6165413533834586,0.709765625
