,Accuracy,AUC,F1 Measure,Mean CV on Train
value,0.88125,0.939375,0.8774193548387097,0.6890625
