,Accuracy,AUC,F1 Measure,Mean CV on Train
value,0.53125,0.53296875,0.5398773006134969,0.47734375
