,Accuracy,AUC,F1 Measure,Mean CV on Train
value,0.88125,0.97140625,0.8789808917197451,0.7359365079365079
