,Accuracy,AUC,F1 Measure,Mean CV on Train
value,0.86875,0.9307812499999999,0.8645161290322579,0.7390625
