,Accuracy,AUC,F1 Measure,Mean CV on Train
value,0.84375,0.939375,0.8427672955974843,0.805625
