,Accuracy,AUC,F1 Measure,Mean CV on Train
value,0.56875,0.5548437500000001,0.543046357615894,0.38671875
