,Accuracy,AUC,F1 Measure,Mean CV on Train
value,0.50625,0.5082812499999999,0.5093167701863354,0.33671875
