,Accuracy,AUC,F1 Measure,Mean CV on Train
value,0.88125,0.9342187499999999,0.8819875776397514,0.6890625
