,Accuracy,AUC,F1 Measure,Mean CV on Train
value,0.6625,0.6559375000000001,0.6625,0.6018749999999999
