,Accuracy,AUC,F1 Measure,Mean CV on Train
value,0.8375,0.92234375,0.8311688311688312,0.7429523809523809
