,Accuracy,AUC,F1 Measure,Mean CV on Train
value,0.85625,0.9290625,0.863905325443787,0.7298958333333333
