,Accuracy,AUC,F1 Measure,Mean CV on Train
value,0.875,0.9485937499999999,0.8717948717948718,0.8009895833333334
