,Accuracy,AUC,F1 Measure,Mean CV on Train
value,0.63125,0.6775,0.6289308176100629,0.542984126984127
