,Accuracy,AUC,F1 Measure,Mean CV on Train
value,0.76875,0.8834375,0.7516778523489933,0.7900952380952381
