,Accuracy,AUC,F1 Measure,Mean CV on Train
value,0.575,0.646328125,0.5641025641025641,0.409375
