,Accuracy,AUC,F1 Measure,Mean CV on Train
value,0.56875,0.60734375,0.5714285714285714,0.328125
