,Accuracy,AUC,F1 Measure,Mean CV on Train
value,0.55,0.5901562499999999,0.5764705882352941,0.5717460317460318
