,Accuracy,AUC,F1 Measure,Mean CV on Train
value,0.875,0.925,0.8795180722891567,0.7720312500000001
