,Accuracy,AUC,F1 Measure,Mean CV on Train
value,0.81875,0.9109375000000001,0.8129032258064516,0.8055208333333332
