,Accuracy,AUC,F1 Measure,Mean CV on Train
value,0.74375,0.82359375,0.7092198581560285,0.6291145833333334
