,Accuracy,AUC,F1 Measure,Mean CV on Train
value,0.875,0.9551562499999999,0.8701298701298702,0.8141666666666667
