,Accuracy,AUC,F1 Measure,Mean CV on Train
value,0.68125,0.7592187499999999,0.7052023121387283,0.5400520833333333
