,Accuracy,AUC,F1 Measure,Mean CV on Train
value,0.74375,0.854921875,0.7050359712230215,0.6951822916666667
