,Accuracy,AUC,F1 Measure,Mean CV on Train
value,0.8125,0.8728125,0.8148148148148149,0.7626031746031746
