,Accuracy,AUC,F1 Measure,Mean CV on Train
value,0.825,0.9096875000000001,0.8205128205128205,0.7048888888888889
