,Accuracy,AUC,F1 Measure,Mean CV on Train
value,0.825,0.900625,0.818181818181818,0.7023492063492063
