,Accuracy,AUC,F1 Measure,Mean CV on Train
value,0.68125,0.7229687499999999,0.670967741935484,0.5189583333333333
