,Accuracy,AUC,F1 Measure,Mean CV on Train
value,0.7,0.8096875,0.6417910447761194,0.680078125
