,Accuracy,AUC,F1 Measure,Mean CV on Train
value,0.55625,0.59125,0.5644171779141104,0.5183492063492064
