,Accuracy,AUC,F1 Measure,Mean CV on Train
value,0.88125,0.9509375,0.8805031446540881,0.6732698412698412
