,Accuracy,AUC,F1 Measure,Mean CV on Train
value,0.7375,0.8421874999999999,0.661290322580645,0.6524761904761904
