,Accuracy,AUC,F1 Measure,Mean CV on Train
value,0.85,0.9432812500000001,0.8461538461538461,0.8461587301587302
