,Accuracy,AUC,F1 Measure,Mean CV on Train
value,0.6125,0.67,0.6309523809523809,0.4730793650793651
