,Accuracy,AUC,F1 Measure,Mean CV on Train
value,0.6125,0.6925,0.6025641025641025,0.5657142857142856
