,Accuracy,AUC,F1 Measure,Mean CV on Train
value,0.85625,0.92921875,0.863905325443787,0.7297395833333333
