,Accuracy,AUC,F1 Measure,Mean CV on Train
value,0.65,0.67796875,0.654320987654321,0.4502604166666667
