,Accuracy,AUC,F1 Measure,Mean CV on Train
value,0.81875,0.88265625,0.8152866242038217,0.7484375
