,Accuracy,AUC,F1 Measure,Mean CV on Train
value,0.61875,0.68234375,0.6211180124223602,0.5220312500000001
