,Accuracy,AUC,F1 Measure,Mean CV on Train
value,0.575,0.62921875,0.5466666666666666,0.47873015873015873
