,Accuracy,AUC,F1 Measure,Mean CV on Train
value,0.825,0.91515625,0.8333333333333334,0.7471875
