,Accuracy,AUC,F1 Measure,Mean CV on Train
value,0.8875,0.931875,0.888888888888889,0.66796875
