,Accuracy,AUC,F1 Measure,Mean CV on Train
value,0.8625,0.94234375,0.8607594936708861,0.8515555555555556
