,Accuracy,AUC,F1 Measure,Mean CV on Train
value,0.71875,0.7796875,0.697986577181208,0.76484375
