,Accuracy,AUC,F1 Measure,Mean CV on Train
value,0.74375,0.8004687500000001,0.7050359712230215,0.77578125
