,Accuracy,AUC,F1 Measure,Mean CV on Train
value,0.85625,0.94515625,0.8571428571428572,0.805625
