,Accuracy,AUC,F1 Measure,Mean CV on Train
value,0.6625,0.65734375,0.6625,0.5965104166666666
