,Accuracy,AUC,F1 Measure,Mean CV on Train
value,0.80625,0.8878125,0.8000000000000002,0.6987619047619048
