,Accuracy,AUC,F1 Measure,Mean CV on Train
value,0.525,0.5590624999999999,0.5730337078651685,0.3796875
