,Accuracy,AUC,F1 Measure,Mean CV on Train
value,0.85,0.9332812500000001,0.85,0.71015625
