,Accuracy,AUC,F1 Measure,Mean CV on Train
value,0.4875,0.5353125,0.49382716049382713,0.45066666666666666
