,Accuracy,AUC,F1 Measure,Mean CV on Train
value,0.76875,0.854140625,0.7672955974842767,0.6515625
