,Accuracy,AUC,F1 Measure,Mean CV on Train
value,0.61875,0.6467187499999999,0.6806282722513088,0.49880208333333337
