,Accuracy,AUC,F1 Measure,Mean CV on Train
value,0.75,0.862109375,0.7777777777777777,0.7041145833333333
