,Accuracy,AUC,F1 Measure,Mean CV on Train
value,0.75625,0.8256249999999999,0.7272727272727272,0.73671875
