,Accuracy,AUC,F1 Measure,Mean CV on Train
value,0.8375,0.94796875,0.8470588235294118,0.7049479166666667
