,Accuracy,AUC,F1 Measure,Mean CV on Train
value,0.60625,0.6540625000000001,0.6701570680628272,0.4990885416666667
