,Accuracy,AUC,F1 Measure,Mean CV on Train
value,0.60625,0.6174999999999999,0.6227544910179641,0.5220312500000001
