,Accuracy,AUC,F1 Measure,Mean CV on Train
value,0.825,0.9150781250000001,0.8333333333333334,0.7471875
