,Accuracy,AUC,F1 Measure,Mean CV on Train
value,0.89375,0.9468749999999999,0.8957055214723926,0.7547395833333334
