,Accuracy,AUC,F1 Measure,Mean CV on Train
value,0.625,0.67,0.6296296296296297,0.5577142857142856
