,Accuracy,AUC,F1 Measure,Mean CV on Train
value,0.825,0.9099999999999999,0.8205128205128205,0.6916825396825397
