,Accuracy,AUC,F1 Measure,Mean CV on Train
value,0.825,0.9084375,0.8205128205128205,0.8055208333333332
