,Accuracy,AUC,F1 Measure,Mean CV on Train
value,0.8625,0.9562499999999999,0.8674698795180723,0.6783333333333333
