,Accuracy,AUC,F1 Measure,Mean CV on Train
value,0.7,0.709375,0.7272727272727272,0.5852604166666666
