,Accuracy,AUC,F1 Measure,Mean CV on Train
value,0.50625,0.5732812500000001,0.48366013071895425,0.42653968253968255
