,Accuracy,AUC,F1 Measure,Mean CV on Train
value,0.56875,0.6121093749999998,0.6497461928934011,0.45859375
