,Accuracy,AUC,F1 Measure,Mean CV on Train
value,0.6,0.658828125,0.5844155844155844,0.5163809523809524
