,Accuracy,AUC,F1 Measure,Mean CV on Train
value,0.8125,0.869375,0.8192771084337349,0.7502222222222223
