,Accuracy,AUC,F1 Measure,Mean CV on Train
value,0.5875,0.594375,0.6162790697674418,0.5142222222222221
