,Accuracy,AUC,F1 Measure,Mean CV on Train
value,0.63125,0.664375,0.6380368098159509,0.46749999999999997
