,Accuracy,AUC,F1 Measure,Mean CV on Train
value,0.76875,0.8641406249999999,0.7955801104972375,0.7020833333333333
