,Accuracy,AUC,F1 Measure,Mean CV on Train
value,0.75,0.8336718750000001,0.7674418604651162,0.654952380952381
