,Accuracy,AUC,F1 Measure,Mean CV on Train
value,0.8875,0.935546875,0.8875,0.7790104166666667
