,Accuracy,AUC,F1 Measure,Mean CV on Train
value,0.875,0.955625,0.8809523809523809,0.752952380952381
