,Accuracy,AUC,F1 Measure,Mean CV on Train
value,0.75625,0.7937500000000001,0.723404255319149,0.73046875
