,Accuracy,AUC,F1 Measure,Mean CV on Train
value,0.65,0.73265625,0.6266666666666667,0.5497395833333333
