,Accuracy,AUC,F1 Measure,Mean CV on Train
value,0.88125,0.938125,0.8848484848484848,0.7719270833333333
