,Accuracy,AUC,F1 Measure,Mean CV on Train
value,0.7625,0.8503125,0.7654320987654322,0.635546875
