,Accuracy,AUC,F1 Measure,Mean CV on Train
value,0.86875,0.9417187499999999,0.8711656441717791,0.8141666666666667
