,Accuracy,AUC,F1 Measure,Mean CV on Train
value,0.83125,0.91875,0.8301886792452831,0.75859375
