,Accuracy,AUC,F1 Measure,Mean CV on Train
value,0.91875,0.94625,0.9212121212121211,0.7445833333333334
