,Accuracy,AUC,F1 Measure,Mean CV on Train
value,0.64375,0.7262500000000001,0.6122448979591838,0.5647619047619047
