,Accuracy,AUC,F1 Measure,Mean CV on Train
value,0.79375,0.8756250000000001,0.7843137254901962,0.7909841269841271
