,Accuracy,AUC,F1 Measure,Mean CV on Train
value,0.675,0.7598437499999999,0.6578947368421053,0.5726041666666666
