,Accuracy,AUC,F1 Measure,Mean CV on Train
value,0.5375,0.5229687500000001,0.4861111111111111,0.421875
