,Accuracy,AUC,F1 Measure,Mean CV on Train
value,0.8,0.8870312499999999,0.7714285714285714,0.7015625
