,Accuracy,AUC,F1 Measure,Mean CV on Train
value,0.70625,0.817578125,0.6356589147286822,0.6564444444444445
