,Accuracy,AUC,F1 Measure,Mean CV on Train
value,0.875,0.94078125,0.8734177215189874,0.76109375
