,Accuracy,AUC,F1 Measure,Mean CV on Train
value,0.5375,0.553515625,0.5131578947368421,0.468359375
