,Accuracy,AUC,F1 Measure,Mean CV on Train
value,0.59375,0.6268750000000001,0.5806451612903225,0.4730793650793651
