,Accuracy,AUC,F1 Measure,Mean CV on Train
value,0.7875,0.88359375,0.7702702702702703,0.7806984126984127
