,Accuracy,AUC,F1 Measure,Mean CV on Train
value,0.81875,0.88421875,0.8152866242038217,0.75390625
