,Accuracy,AUC,F1 Measure,Mean CV on Train
value,0.5125,0.521953125,0.5243902439024389,0.4484375
