,Accuracy,AUC,F1 Measure,Mean CV on Train
value,0.8375,0.89125,0.8414634146341463,0.7949206349206349
