,Accuracy,AUC,F1 Measure,Mean CV on Train
value,0.79375,0.8735937500000001,0.7924528301886793,0.64296875
