,Accuracy,AUC,F1 Measure,Mean CV on Train
value,0.8,0.878671875,0.7974683544303798,0.721936507936508
