,Accuracy,AUC,F1 Measure,Mean CV on Train
value,0.66875,0.723125,0.65359477124183,0.6063541666666666
