,Accuracy,AUC,F1 Measure,Mean CV on Train
value,0.66875,0.7421875,0.65359477124183,0.5353125000000001
