,Accuracy,AUC,F1 Measure,Mean CV on Train
value,0.825,0.9018750000000001,0.8108108108108107,0.7234285714285714
