,Accuracy,AUC,F1 Measure,Mean CV on Train
value,0.875,0.9239062499999999,0.8765432098765432,0.8042708333333334
