,Accuracy,AUC,F1 Measure,Mean CV on Train
value,0.55,0.563515625,0.5609756097560975,0.5655238095238095
