,Accuracy,AUC,F1 Measure,Mean CV on Train
value,0.5,0.48874999999999996,0.6610169491525423,0.5013968253968254
