,Accuracy,AUC,F1 Measure,Mean CV on Train
value,0.54375,0.594375,0.6217616580310882,0.46244444444444444
