,Accuracy,AUC,F1 Measure,Mean CV on Train
value,0.825,0.9015625,0.8271604938271605,0.7991111111111111
