,Accuracy,AUC,F1 Measure,Mean CV on Train
value,0.58125,0.6209375,0.5838509316770186,0.42890625
