,Accuracy,AUC,F1 Measure,Mean CV on Train
value,0.7625,0.85375,0.7397260273972603,0.6693333333333334
