,Accuracy,AUC,F1 Measure,Mean CV on Train
value,0.575,0.594765625,0.6179775280898877,0.42117187500000003
