,Accuracy,AUC,F1 Measure,Mean CV on Train
value,0.73125,0.818671875,0.6906474820143884,0.6553125
