,Accuracy,AUC,F1 Measure,Mean CV on Train
value,0.5375,0.5395312499999999,0.5256410256410255,0.4367619047619048
