,Accuracy,AUC,F1 Measure,Mean CV on Train
value,0.65,0.7518750000000001,0.6585365853658537,0.5626562500000001
