,Accuracy,AUC,F1 Measure,Mean CV on Train
value,0.58125,0.60328125,0.6081871345029239,0.47734375
