,Accuracy,AUC,F1 Measure,Mean CV on Train
value,0.725,0.8040625,0.7317073170731706,0.642578125
