,Accuracy,AUC,F1 Measure,Mean CV on Train
value,0.5375,0.54546875,0.5487804878048781,0.4417777777777778
