,Accuracy,AUC,F1 Measure,Mean CV on Train
value,0.5875,0.64390625,0.5822784810126582,0.43125
