,Accuracy,AUC,F1 Measure,Mean CV on Train
value,0.8875,0.932109375,0.8875,0.7610416666666666
