,Accuracy,AUC,F1 Measure,Mean CV on Train
value,0.89375,0.94921875,0.8957055214723926,0.7563020833333334
