,Accuracy,AUC,F1 Measure,Mean CV on Train
value,0.5875,0.43578125,0.6826923076923077,0.48359375
