,Accuracy,AUC,F1 Measure,Mean CV on Train
value,0.84375,0.9207812499999999,0.84472049689441,0.6458854166666667
