,Accuracy,AUC,F1 Measure,Mean CV on Train
value,0.60625,0.6540624999999999,0.6086956521739131,0.6149479166666667
