,Accuracy,AUC,F1 Measure,Mean CV on Train
value,0.6375,0.64453125,0.6627906976744186,0.6155729166666667
