,Accuracy,AUC,F1 Measure,Mean CV on Train
value,0.74375,0.7903125,0.7210884353741497,0.76171875
