,Accuracy,AUC,F1 Measure,Mean CV on Train
value,0.8875,0.95484375,0.8846153846153847,0.8009895833333334
