,Accuracy,AUC,F1 Measure,Mean CV on Train
value,0.86875,0.9157812500000001,0.8627450980392157,0.6507936507936508
