,Accuracy,AUC,F1 Measure,Mean CV on Train
value,0.8125,0.8743750000000001,0.8148148148148149,0.7553015873015873
