,Accuracy,AUC,F1 Measure,Mean CV on Train
value,0.73125,0.848125,0.6861313868613139,0.724140625
