,Accuracy,AUC,F1 Measure,Mean CV on Train
value,0.86875,0.9400000000000001,0.8757396449704142,0.7083809523809524
