,Accuracy,AUC,F1 Measure,Mean CV on Train
value,0.80625,0.8771875,0.8050314465408804,0.6968888888888889
