,Accuracy,AUC,F1 Measure,Mean CV on Train
value,0.85,0.94359375,0.8461538461538461,0.8532698412698414
