,Accuracy,AUC,F1 Measure,Mean CV on Train
value,0.6,0.6896875,0.5844155844155844,0.4727619047619048
