,Accuracy,AUC,F1 Measure,Mean CV on Train
value,0.6125,0.6381249999999999,0.6025641025641025,0.46749999999999997
