,Accuracy,AUC,F1 Measure,Mean CV on Train
value,0.91875,0.95484375,0.920245398773006,0.7464062499999999
