,Accuracy,AUC,F1 Measure,Mean CV on Train
value,0.85,0.9244531250000001,0.85,0.6228906249999999
