,Accuracy,AUC,F1 Measure,Mean CV on Train
value,0.51875,0.5298437500000001,0.5032258064516129,0.4322539682539682
