,Accuracy,AUC,F1 Measure,Mean CV on Train
value,0.8,0.8748437499999999,0.7894736842105262,0.7806984126984127
