,Accuracy,AUC,F1 Measure,Mean CV on Train
value,0.6625,0.72546875,0.6493506493506493,0.5953125
