,Accuracy,AUC,F1 Measure,Mean CV on Train
value,0.85625,0.935,0.8476821192052981,0.6921875
