,Accuracy,AUC,F1 Measure,Mean CV on Train
value,0.75,0.8253124999999999,0.7142857142857143,0.73671875
