,Accuracy,AUC,F1 Measure,Mean CV on Train
value,0.70625,0.72390625,0.7044025157232704,0.5852604166666666
