,Accuracy,AUC,F1 Measure,Mean CV on Train
value,0.8125,0.916875,0.8076923076923076,0.75859375
