,Accuracy,AUC,F1 Measure,Mean CV on Train
value,0.3625,0.37875,0.3544303797468355,0.37421875
