,Accuracy,AUC,F1 Measure,Mean CV on Train
value,0.8125,0.8864062500000001,0.8076923076923076,0.7234375
