,Accuracy,AUC,F1 Measure,Mean CV on Train
value,0.85,0.943125,0.8571428571428572,0.7575238095238095
