,Accuracy,AUC,F1 Measure,Mean CV on Train
value,0.75,0.8124999999999999,0.7590361445783131,0.6203125
