,Accuracy,AUC,F1 Measure,Mean CV on Train
value,0.69375,0.824296875,0.6370370370370371,0.679296875
