,Accuracy,AUC,F1 Measure,Mean CV on Train
value,0.925,0.9560937500000001,0.927710843373494,0.7464062499999999
