,Accuracy,AUC,F1 Measure,Mean CV on Train
value,0.73125,0.78703125,0.6993006993006993,0.78046875
