,Accuracy,AUC,F1 Measure,Mean CV on Train
value,0.8625,0.9321875,0.8641975308641976,0.75
