,Accuracy,AUC,F1 Measure,Mean CV on Train
value,0.7375,0.7887500000000001,0.7162162162162162,0.73984375
