,Accuracy,AUC,F1 Measure,Mean CV on Train
value,0.89375,0.9400000000000001,0.8982035928143712,0.7422916666666667
