,Accuracy,AUC,F1 Measure,Mean CV on Train
value,0.53125,0.5535937500000001,0.5810055865921787,0.39453125
