,Accuracy,AUC,F1 Measure,Mean CV on Train
value,0.86875,0.9471875000000001,0.8609271523178808,0.72421875
