,Accuracy,AUC,F1 Measure,Mean CV on Train
value,0.50625,0.5046093749999999,0.40601503759398494,0.428125
