,Accuracy,AUC,F1 Measure,Mean CV on Train
value,0.56875,0.61828125,0.6532663316582915,0.5563174603174603
