,Accuracy,AUC,F1 Measure,Mean CV on Train
value,0.59375,0.6078124999999999,0.563758389261745,0.328125
