,Accuracy,AUC,F1 Measure,Mean CV on Train
value,0.875,0.93015625,0.8701298701298702,0.73359375
