,Accuracy,AUC,F1 Measure,Mean CV on Train
value,0.55625,0.5715625,0.5644171779141104,0.4958095238095238
