,Accuracy,AUC,F1 Measure,Mean CV on Train
value,0.84375,0.8968750000000001,0.8427672955974843,0.7949206349206349
