,Accuracy,AUC,F1 Measure,Mean CV on Train
value,0.47619047619047616,0.40816326530612246,0.35294117647058826,0.7633333333333333
