,Accuracy,AUC,F1 Measure,Mean CV on Train
value,0.6190476190476191,0.6031746031746033,0.5,0.5261904761904761
