,Accuracy,AUC,F1 Measure,Mean CV on Train
value,0.5,0.5306122448979591,0.4,0.650952380952381
