,Accuracy,AUC,F1 Measure,Mean CV on Train
value,0.4523809523809524,0.5113378684807256,0.0,0.4719047619047618
