,Accuracy,AUC,F1 Measure,Mean CV on Train
value,0.5,0.526077097505669,0.36363636363636365,0.5285714285714286
