,Accuracy,AUC,F1 Measure,Mean CV on Train
value,0.5476190476190477,0.54421768707483,0.3870967741935483,0.7266666666666667
