,Accuracy,AUC,F1 Measure,Mean CV on Train
value,0.5,0.6099773242630386,0.27586206896551724,0.7102380952380953
