,Accuracy,AUC,F1 Measure,Mean CV on Train
value,0.5,0.3945578231292517,0.0,0.4123809523809524
