,Accuracy,AUC,F1 Measure,Mean CV on Train
value,0.5,0.5566893424036282,0.22222222222222224,0.5776190476190477
