,Accuracy,AUC,F1 Measure,Mean CV on Train
value,0.5238095238095238,0.5374149659863945,0.2857142857142857,0.47714285714285715
