,Accuracy,AUC,F1 Measure,Mean CV on Train
value,0.35714285714285715,0.4036281179138322,0.3414634146341463,0.6604761904761904
