,Accuracy,AUC,F1 Measure,Mean CV on Train
value,0.5476190476190477,0.5487528344671202,0.3448275862068965,0.4776190476190476
