,Accuracy,AUC,F1 Measure,Mean CV on Train
value,0.47619047619047616,0.5839002267573696,0.08333333333333333,0.44547619047619047
