,Accuracy,AUC,F1 Measure,Mean CV on Train
value,0.47619047619047616,0.6009070294784581,0.31249999999999994,0.46904761904761905
