,Accuracy,AUC,F1 Measure,Mean CV on Train
value,0.5,0.5419501133786848,0.4324324324324324,0.6661904761904762
