,Accuracy,AUC,F1 Measure,Mean CV on Train
value,0.6190476190476191,0.5260770975056689,0.3846153846153846,0.4876190476190477
