,Accuracy,AUC,F1 Measure,Mean CV on Train
value,0.5952380952380952,0.5306122448979591,0.5405405405405405,0.5285714285714286
