,Accuracy,AUC,F1 Measure,Mean CV on Train
value,0.4523809523809524,0.4467120181405896,0.0,0.4019047619047619
