,Accuracy,AUC,F1 Measure,Mean CV on Train
value,0.47619047619047616,0.3786848072562359,0.0,0.41880952380952385
