,Accuracy,AUC,F1 Measure,Mean CV on Train
value,0.5,0.427437641723356,0.08695652173913042,0.4826190476190476
