,Accuracy,AUC,F1 Measure,Mean CV on Train
value,0.47619047619047616,0.6031746031746033,0.21428571428571427,0.7328571428571429
