,Accuracy,AUC,F1 Measure,Mean CV on Train
value,0.4523809523809524,0.4965986394557823,0.25806451612903225,0.5738095238095239
