,Accuracy,AUC,F1 Measure,Mean CV on Train
value,0.4523809523809524,0.5124716553287981,0.20689655172413796,0.6561904761904762
