,Accuracy,AUC,F1 Measure,Mean CV on Train
value,0.4523809523809524,0.5034013605442177,0.20689655172413796,0.5609523809523809
