,Accuracy,AUC,F1 Measure,Mean CV on Train
value,0.5238095238095238,0.528344671201814,0.5,0.7161904761904762
