,Accuracy,AUC,F1 Measure,Mean CV on Train
value,0.5238095238095238,0.546485260770975,0.16666666666666666,0.46976190476190477
