,Accuracy,AUC,F1 Measure,Mean CV on Train
value,0.5238095238095238,0.5396825396825397,0.33333333333333326,0.5766666666666668
