,Accuracy,AUC,F1 Measure,Mean CV on Train
value,0.5476190476190477,0.5555555555555556,0.5128205128205129,0.631904761904762
