,Accuracy,AUC,F1 Measure,Mean CV on Train
value,0.38095238095238093,0.4580498866213152,0.23529411764705882,0.650952380952381
