,Accuracy,AUC,F1 Measure,Mean CV on Train
value,0.42857142857142855,0.4875283446712018,0.2,0.47476190476190466
