,Accuracy,AUC,F1 Measure,Mean CV on Train
value,0.5952380952380952,0.5487528344671202,0.5405405405405405,0.4757142857142857
