,Accuracy,AUC,F1 Measure,Mean CV on Train
value,0.5,0.4058956916099773,0.16,0.5133333333333333
