,Accuracy,AUC,F1 Measure,Mean CV on Train
value,0.5952380952380952,0.5566893424036281,0.5405405405405405,0.7161904761904762
