,Accuracy,AUC,F1 Measure,Mean CV on Train
value,0.5,0.564625850340136,0.4615384615384615,0.550952380952381
