,Accuracy,AUC,F1 Measure,Mean CV on Train
value,0.5,0.44671201814058964,0.0,0.45666666666666667
