,Accuracy,AUC,F1 Measure,Mean CV on Train
value,0.5714285714285714,0.5759637188208616,0.5263157894736842,0.5609523809523809
