,Accuracy,AUC,F1 Measure,Mean CV on Train
value,0.5,0.5668934240362812,0.4615384615384615,0.550952380952381
