,Accuracy,AUC,F1 Measure,Mean CV on Train
value,0.5238095238095238,0.6417233560090703,0.23076923076923073,0.5547619047619048
