,Accuracy,AUC,F1 Measure,Mean CV on Train
value,0.5,0.43537414965986393,0.16,0.47714285714285715
