,Accuracy,AUC,F1 Measure,Mean CV on Train
value,0.5238095238095238,0.4852607709750567,0.5238095238095238,0.43809523809523815
