,Accuracy,AUC,F1 Measure,Mean CV on Train
value,0.4523809523809524,0.5306122448979591,0.20689655172413796,0.47857142857142854
