,Accuracy,AUC,F1 Measure,Mean CV on Train
value,0.5,0.39909297052154197,0.0,0.36476190476190473
