,Accuracy,AUC,F1 Measure,Mean CV on Train
value,0.5,0.5736961451247165,0.08695652173913042,0.6566666666666666
