,Accuracy,AUC,F1 Measure,Mean CV on Train
value,0.42857142857142855,0.49433106575963714,0.36842105263157887,0.7652380952380952
