,Accuracy,AUC,F1 Measure,Mean CV on Train
value,0.47619047619047616,0.5804988662131518,0.31249999999999994,0.709047619047619
