,Accuracy,AUC,F1 Measure,Mean CV on Train
value,0.5476190476190477,0.5306122448979592,0.4864864864864864,0.5
