,Accuracy,AUC,F1 Measure,Mean CV on Train
value,0.5238095238095238,0.5102040816326531,0.23076923076923073,0.6042857142857143
