,Accuracy,AUC,F1 Measure,Mean CV on Train
value,0.6428571428571429,0.5873015873015872,0.6153846153846153,0.4928571428571429
