,Accuracy,AUC,F1 Measure,Mean CV on Train
value,0.5238095238095238,0.5374149659863946,0.16666666666666666,0.4876190476190477
