,Accuracy,AUC,F1 Measure,Mean CV on Train
value,0.5,0.5328798185941044,0.27586206896551724,0.47476190476190466
