,Accuracy,AUC,F1 Measure,Mean CV on Train
value,0.4523809523809524,0.6167800453514739,0.25806451612903225,0.7102380952380953
