,Accuracy,AUC,F1 Measure,Mean CV on Train
value,0.47619047619047616,0.5941043083900226,0.15384615384615385,0.7242857142857142
