,Accuracy,AUC,F1 Measure,Mean CV on Train
value,0.5,0.5487528344671202,0.08695652173913042,0.560952380952381
