,Accuracy,AUC,F1 Measure,Mean CV on Train
value,0.5,0.5011337868480725,0.27586206896551724,0.6042857142857143
