,Accuracy,AUC,F1 Measure,Mean CV on Train
value,0.6190476190476191,0.5578231292517006,0.5555555555555556,0.5285714285714286
