,Accuracy,AUC,F1 Measure,Mean CV on Train
value,0.47619047619047616,0.49206349206349204,0.47619047619047616,0.43809523809523815
