,Accuracy,AUC,F1 Measure,Mean CV on Train
value,0.4523809523809524,0.48072562358276644,0.20689655172413796,0.5738095238095239
