,Accuracy,AUC,F1 Measure,Mean CV on Train
value,0.5,0.5249433106575964,0.22222222222222224,0.3928571428571429
