,Accuracy,AUC,F1 Measure,Mean CV on Train
value,0.5714285714285714,0.4988662131519275,0.5,0.7504761904761905
