,Accuracy,AUC,F1 Measure,Mean CV on Train
value,0.4523809523809524,0.6598639455782314,0.20689655172413796,0.7328571428571429
