,Accuracy,AUC,F1 Measure,Mean CV on Train
value,0.5,0.4217687074829932,0.0,0.45809523809523806
