,Accuracy,AUC,F1 Measure,Mean CV on Train
value,0.5,0.4977324263038549,0.22222222222222224,0.4133333333333334
