,Accuracy,AUC,F1 Measure,Mean CV on Train
value,0.42857142857142855,0.6224489795918368,0.14285714285714285,0.7242857142857142
