,Accuracy,AUC,F1 Measure,Mean CV on Train
value,0.5238095238095238,0.5056689342403629,0.0909090909090909,0.45857142857142863
