,Accuracy,AUC,F1 Measure,Mean CV on Train
value,0.5,0.4444444444444445,0.08695652173913042,0.4671428571428571
