,Accuracy,AUC,F1 Measure,Mean CV on Train
value,0.5,0.5510204081632654,0.16,0.3333333333333333
