,Accuracy,AUC,F1 Measure,Mean CV on Train
value,0.5238095238095238,0.5804988662131519,0.41176470588235287,0.46904761904761905
