,Accuracy,AUC,F1 Measure,Mean CV on Train
value,0.5,0.5462184873949579,0.5967741935483871,0.5283959173387097
