,Accuracy,AUC,F1 Measure,Mean CV on Train
value,0.58,0.5798319327731092,0.6037735849056604,0.5186428931451613
