,Accuracy,AUC,F1 Measure,Mean CV on Train
value,0.44,0.45338135254101647,0.4716981132075472,0.5066343245967742
