,Accuracy,AUC,F1 Measure,Mean CV on Train
value,0.47,0.42997198879551823,0.39080459770114934,0.5415574596774194
