,Accuracy,AUC,F1 Measure,Mean CV on Train
value,0.46,0.4605842336934774,0.5344827586206896,0.5346333165322581
