,Accuracy,AUC,F1 Measure,Mean CV on Train
value,0.49,0.46858743497398964,0.495049504950495,0.4876984627016129
