,Accuracy,AUC,F1 Measure,Mean CV on Train
value,0.49,0.46898759503801524,0.48484848484848486,0.4876984627016129
