,Accuracy,AUC,F1 Measure,Mean CV on Train
value,0.53,0.5362144857943177,0.5436893203883495,0.5005575856854839
