,Accuracy,AUC,F1 Measure,Mean CV on Train
value,0.48,0.465186074429772,0.380952380952381,0.4919984879032258
