,Accuracy,AUC,F1 Measure,Mean CV on Train
value,0.51,0.4957983193277311,0.5585585585585585,0.5261750252016129
