,Accuracy,AUC,F1 Measure,Mean CV on Train
value,0.51,0.5126050420168067,0.5148514851485149,0.4683908770161291
