,Accuracy,AUC,F1 Measure,Mean CV on Train
value,0.42,0.4441776710684274,0.4081632653061224,0.5239730342741936
