,Accuracy,AUC,F1 Measure,Mean CV on Train
value,0.6,0.5778311324529811,0.6226415094339622,0.5507434475806452
