,Accuracy,AUC,F1 Measure,Mean CV on Train
value,0.51,0.4797919167667066,0.5050505050505051,0.4414881552419355
