,Accuracy,AUC,F1 Measure,Mean CV on Train
value,0.46,0.44137655062024816,0.425531914893617,0.5565398185483872
