,Accuracy,AUC,F1 Measure,Mean CV on Train
value,0.47,0.45578231292517013,0.5470085470085471,0.5371912802419354
