,Accuracy,AUC,F1 Measure,Mean CV on Train
value,0.53,0.5058023209283713,0.5052631578947367,0.484245841733871
