,Accuracy,AUC,F1 Measure,Mean CV on Train
value,0.5,0.48619447779111646,0.5283018867924528,0.4683908770161291
