,Accuracy,AUC,F1 Measure,Mean CV on Train
value,0.43,0.43537414965986393,0.3595505617977528,0.5030304939516129
