,Accuracy,AUC,F1 Measure,Mean CV on Train
value,0.5,0.4737895158063225,0.4565217391304348,0.4414881552419355
