,Accuracy,AUC,F1 Measure,Mean CV on Train
value,0.44,0.40796318527410963,0.3,0.5223884828629032
