,Accuracy,AUC,F1 Measure,Mean CV on Train
value,0.41,0.43217286914765907,0.46846846846846846,0.5066343245967742
