,Accuracy,AUC,F1 Measure,Mean CV on Train
value,0.49,0.45338135254101636,0.4742268041237114,0.5239730342741936
