,Accuracy,AUC,F1 Measure,Mean CV on Train
value,0.51,0.522609043617447,0.5148514851485149,0.5150138608870968
