,Accuracy,AUC,F1 Measure,Mean CV on Train
value,0.53,0.5326130452180873,0.5154639175257731,0.4870495211693548
