,Accuracy,AUC,F1 Measure,Mean CV on Train
value,0.46,0.4501800720288115,0.4807692307692308,0.5376260080645161
