,Accuracy,AUC,F1 Measure,Mean CV on Train
value,0.45,0.48299319727891155,0.45544554455445546,0.4736202116935484
