,Accuracy,AUC,F1 Measure,Mean CV on Train
value,0.44,0.48419367747098846,0.4615384615384615,0.4789566532258064
