,Accuracy,AUC,F1 Measure,Mean CV on Train
value,0.49,0.46978791516606644,0.4742268041237114,0.5409841229838709
