,Accuracy,AUC,F1 Measure,Mean CV on Train
value,0.44,0.4529811924769908,0.391304347826087,0.5302671370967742
