,Accuracy,AUC,F1 Measure,Mean CV on Train
value,0.56,0.5310124049619849,0.4883720930232558,0.4848506804435484
