,Accuracy,AUC,F1 Measure,Mean CV on Train
value,0.46,0.4239695878351341,0.30769230769230765,0.5449596774193548
