,Accuracy,AUC,F1 Measure,Mean CV on Train
value,0.45,0.47438975590236093,0.39560439560439564,0.5241683467741935
