,Accuracy,AUC,F1 Measure,Mean CV on Train
value,0.49,0.5150060024009604,0.5048543689320388,0.5076234879032258
