,Accuracy,AUC,F1 Measure,Mean CV on Train
value,0.56,0.5264105642256902,0.6333333333333334,0.4877488659274194
