,Accuracy,AUC,F1 Measure,Mean CV on Train
value,0.47,0.5190076030412165,0.49523809523809526,0.5073084677419356
