,Accuracy,AUC,F1 Measure,Mean CV on Train
value,0.46,0.506202480992397,0.5645161290322581,0.4735131048387096
