,Accuracy,AUC,F1 Measure,Mean CV on Train
value,0.55,0.536014405762305,0.5945945945945946,0.5044449344758064
