,Accuracy,AUC,F1 Measure,Mean CV on Train
value,0.52,0.49859943977591037,0.5384615384615384,0.5061932963709677
