,Accuracy,AUC,F1 Measure,Mean CV on Train
value,0.54,0.5210084033613445,0.5490196078431373,0.4730972782258065
