,Accuracy,AUC,F1 Measure,Mean CV on Train
value,0.45,0.4519807923169268,0.39560439560439564,0.5298387096774193
