,Accuracy,AUC,F1 Measure,Mean CV on Train
value,0.5,0.4921968787515006,0.5283018867924528,0.4730972782258065
