,Accuracy,AUC,F1 Measure,Mean CV on Train
value,0.55,0.5314125650260104,0.5631067961165048,0.5231728830645161
