,Accuracy,AUC,F1 Measure,Mean CV on Train
value,0.43,0.4225690276110444,0.3448275862068966,0.5060987903225806
