,Accuracy,AUC,F1 Measure,Mean CV on Train
value,0.55,0.5430172068827531,0.5360824742268041,0.5141066028225806
