,Accuracy,AUC,F1 Measure,Mean CV on Train
value,0.5,0.5042016806722689,0.5192307692307693,0.4761340725806451
