,Accuracy,AUC,F1 Measure,Mean CV on Train
value,0.56,0.5430172068827531,0.5599999999999999,0.5150138608870968
