,Accuracy,AUC,F1 Measure,Mean CV on Train
value,0.42,0.45258103241296516,0.275,0.4347278225806452
