,Accuracy,AUC,F1 Measure,Mean CV on Train
value,0.45,0.41576630652260904,0.4210526315789474,0.5457787298387096
