,Accuracy,AUC,F1 Measure,Mean CV on Train
value,0.45,0.43577430972388953,0.39560439560439564,0.5599987399193548
