,Accuracy,AUC,F1 Measure,Mean CV on Train
value,0.51,0.49539815926370545,0.5050505050505051,0.5231287802419354
