,Accuracy,AUC,F1 Measure,Mean CV on Train
value,0.49,0.5050020008003201,0.5233644859813085,0.5350491431451613
