,Accuracy,AUC,F1 Measure,Mean CV on Train
value,0.53,0.5232092837134854,0.5436893203883495,0.5001575100806451
