,Accuracy,AUC,F1 Measure,Mean CV on Train
value,0.51,0.5130052020808322,0.48421052631578954,0.5061932963709677
