,Accuracy,AUC,F1 Measure,Mean CV on Train
value,0.45,0.41536614645858344,0.4210526315789474,0.5461819556451613
