,Accuracy,AUC,F1 Measure,Mean CV on Train
value,0.42,0.4497799119647859,0.4727272727272727,0.5376260080645161
