,Accuracy,AUC,F1 Measure,Mean CV on Train
value,0.5,0.522609043617447,0.5098039215686274,0.5213772681451612
