,Accuracy,AUC,F1 Measure,Mean CV on Train
value,0.54,0.5266106442577031,0.5208333333333333,0.5263230846774194
