,Accuracy,AUC,F1 Measure,Mean CV on Train
value,0.49,0.508203281312525,0.37037037037037035,0.5520035282258065
