,Accuracy,AUC,F1 Measure,Mean CV on Train
value,0.55,0.5412164865946378,0.5360824742268041,0.4964654737903226
