,Accuracy,AUC,F1 Measure,Mean CV on Train
value,0.48,0.5074029611844738,0.5593220338983051,0.4839245211693548
