,Accuracy,AUC,F1 Measure,Mean CV on Train
value,0.58,0.5746298519407763,0.58,0.4660660282258065
