,Accuracy,AUC,F1 Measure,Mean CV on Train
value,0.51,0.4997999199679872,0.5504587155963303,0.4768838205645161
