,Accuracy,AUC,F1 Measure,Mean CV on Train
value,0.52,0.49499799919967985,0.5471698113207548,0.5001575100806451
