,Accuracy,AUC,F1 Measure,Mean CV on Train
value,0.58,0.5990396158463385,0.5882352941176471,0.4660660282258065
