,Accuracy,AUC,F1 Measure,Mean CV on Train
value,0.55,0.57703081232493,0.5631067961165048,0.5164566532258064
