,Accuracy,AUC,F1 Measure,Mean CV on Train
value,0.51,0.4933973589435774,0.5504587155963303,0.4809538810483871
